EGY, Challenging
EGY, Moderate
GLF, Easy
EGY, Challenging
EGY, Easy
EGY, Challenging
EGY, Moderate
EGY, Easy
EGY, Challenging
EGY, Moderate
MSA, Easy
EGY, Challenging
EGY, Moderate
EGY, Easy
EGY, Challenging
EGY, Moderate
EGY, Easy
EGY, Challenging
EGY, Moderate
EGY, Easy
EGY, Challenging
EGY, Moderate
EGY, Easy
EGY, Challenging
EGY, Moderate
EGY, Easy
EGY, Challenging
EGY, Moderate
EGY, Easy
EGY, Challenging
EGY, Moderate
EGY, Easy
EGY, Challenging
EGY, Easy
EGY, Challenging
GLF, Easy
EGY, Challenging
EGY, Moderate
EGY, Easy
EGY, Challenging
EGY, Moderate
LEV, Easy
EGY, Challenging
MSA, Moderate
LEV, Easy
EGY, Challenging
EGY, Moderate
EGY, Easy
EGY, Challenging
EGY, Moderate
EGY, Easy
EGY, Challenging
EGY, Easy
EGY, Challenging
EGY, Moderate
EGY, Easy
EGY, Challenging
EGY, Easy
EGY, Challenging
MSA, Easy
EGY, Challenging
EGY, Easy
EGY, Challenging
EGY, Easy
EGY, Challenging
EGY, Easy
EGY, Challenging
EGY, Moderate
EGY, Easy
EGY, Challenging
EGY, Easy
EGY, Challenging
EGY, Moderate
EGY, Easy
EGY, Challenging
EGY, Moderate
EGY, Easy
EGY, Challenging
EGY, Moderate
EGY, Easy